<?xml version="1.0" encoding="UTF-8"?>
<project-private xmlns="http://www.netbeans.org/ns/project-private/1">
    <editor-bookmarks xmlns="http://www.netbeans.org/ns/editor-bookmarks/2" lastBookmarkId="0"/>
    <open-files xmlns="http://www.netbeans.org/ns/projectui-open-files/2">
        <group>
            <file>file:/C:/Users/PC-Jim/Desktop/Online%20movie%20jsps%207.0(2)/Online%20movie%20jsps/web/customerAccount.jsp</file>
            <file>file:/C:/Users/PC-Jim/Desktop/Online%20movie%20jsps%207.0(2)/Online%20movie%20jsps/src/java/uts/isd/model/Movie.java</file>
            <file>file:/C:/Users/PC-Jim/Desktop/Online%20movie%20jsps%207.0(2)/Online%20movie%20jsps/web/index.jsp</file>
            <file>file:/C:/Users/PC-Jim/Desktop/Online%20movie%20jsps%207.0(2)/Online%20movie%20jsps/web/addMovie.jsp</file>
        </group>
    </open-files>
</project-private>
