<?xml version="1.0" encoding="UTF-8"?>
<project-private xmlns="http://www.netbeans.org/ns/project-private/1">
    <editor-bookmarks xmlns="http://www.netbeans.org/ns/editor-bookmarks/2" lastBookmarkId="0"/>
    <open-files xmlns="http://www.netbeans.org/ns/projectui-open-files/2">
        <group>
            <file>file:/Users/liuziming/Desktop/Online%20movie%20jsps/src/java/uts/isd/model/Movie.java</file>
            <file>file:/Users/liuziming/Desktop/Online%20movie%20jsps/test/unit/test/CalculatorTest.java</file>
            <file>file:/Users/liuziming/Desktop/Online%20movie%20jsps/web/login.jsp</file>
            <file>file:/Users/liuziming/Desktop/Online%20movie%20jsps/src/java/uts/isd/model/dao/DBConnector.java</file>
            <file>file:/Users/liuziming/Desktop/Online%20movie%20jsps/test/unit/test/TestRunner.java</file>
            <file>file:/Users/liuziming/Desktop/Online%20movie%20jsps/src/java/uts/isd/controller/ConnServlet.java</file>
            <file>file:/Users/liuziming/Desktop/Online%20movie%20jsps/src/java/uts/isd/controller/TestDB.java</file>
            <file>file:/Users/liuziming/Desktop/Online%20movie%20jsps/src/java/uts/isd/model/Customer.java</file>
            <file>file:/Users/liuziming/Desktop/Online%20movie%20jsps/web/welcome.jsp</file>
            <file>file:/Users/liuziming/Desktop/Online%20movie%20jsps/web/user.png</file>
            <file>file:/Users/liuziming/Desktop/Online%20movie%20jsps/web/edit_user.jsp</file>
            <file>file:/Users/liuziming/Desktop/Online%20movie%20jsps/src/java/uts/isd/model/dao/DBManager.java</file>
            <file>file:/Users/liuziming/Desktop/Online%20movie%20jsps/web/index.jsp</file>
            <file>file:/Users/liuziming/Desktop/Online%20movie%20jsps/src/java/uts/isd/model/dao/DB.java</file>
            <file>file:/Users/liuziming/Desktop/Online%20movie%20jsps/web/loginWelcome.jsp</file>
            <file>file:/Users/liuziming/Desktop/Online%20movie%20jsps/web/loginRecordsAction.jsp</file>
            <file>file:/Users/liuziming/Desktop/Online%20movie%20jsps/web/WEB-INF/web.xml</file>
            <file>file:/Users/liuziming/Desktop/Online%20movie%20jsps/web/registerAction.jsp</file>
            <file>file:/Users/liuziming/Desktop/Online%20movie%20jsps/web/loginAction.jsp</file>
            <file>file:/Users/liuziming/Desktop/Online%20movie%20jsps/web/math.jsp</file>
            <file>file:/Users/liuziming/Desktop/Online%20movie%20jsps/web/main.jsp</file>
        </group>
    </open-files>
</project-private>
